Country,Year,PM2.5,PM10,NO2,Depression (%),Anxiety disorders (%),PM2.5/NO2 Ratio,Pollution Category,Depression Change (%),Anxiety Change (%)
Albania,2015,21.79,25.4675,18.585,2.204454,3.388212,1.1724509012644604,Medium,,
Albania,2016,21.48,29.16,21.186666666666667,2.206507,3.386891,1.013845185651353,Medium,0.0020530000000000825,-0.0013209999999999056
Australia,2012,14.45,17.790000000000003,7.965,4.79008,6.614107,1.8141870684243564,Medium,,
Australia,2013,9.94,18.134090909090908,12.176,4.759686,6.608198,0.8163600525624178,Low,-0.030393999999999366,-0.005908999999999942
Australia,2014,7.48590909090909,17.728125,11.102857142857143,4.731142,6.602041,0.6742326767416834,Low,-0.028544000000000125,-0.006156999999999968
Australia,2015,7.1545000000000005,17.9115625,8.89,4.696774,6.595691,0.8047806524184477,Low,-0.03436800000000062,-0.006349999999999412
Australia,2016,6.845238095238095,16.717,10.22153846153846,4.659817,6.589757,0.6696876523035464,Low,-0.03695699999999924,-0.005934000000000772
Australia,2017,7.28,16.844,7.899999999999999,4.623881,6.584301,0.9215189873417724,Low,-0.03593600000000041,-0.005455999999999683
Austria,2010,18.35727272727273,23.107884615384613,22.09836363636364,3.290207,5.352376,0.8307073333278482,Medium,,
Austria,2013,15.902173913043478,20.749895833333333,21.08065420560748,3.273578,5.34969,0.7543491657300407,Medium,-0.016629000000000005,-0.002685999999999744
Austria,2014,13.111,18.08742268041237,19.42185185185185,3.26746,5.347641,0.6750643604950515,Medium,-0.00611800000000029,-0.0020489999999995234
Austria,2015,13.707083333333332,19.37056179775281,20.365471698113204,3.264032,5.344587,0.673055038278502,Medium,-0.0034279999999999866,-0.0030540000000005563
Austria,2016,12.143714285714289,16.858383838383837,19.05275229357798,3.262611,5.342175,0.6373732308380198,Medium,-0.0014209999999996725,-0.0024119999999996367
Austria,2017,12.575135135135136,17.264200000000002,19.14101851851852,3.26097,5.341275,0.6569731450272077,Medium,-0.0016410000000002256,-0.0008999999999996788
Bangladesh,2013,76.2475,129.3475,28.58,4.199103,4.264447,2.667862141357593,High,,
Bangladesh,2014,75.16125,143.5125,37.39571428571429,4.182413,4.269459,2.0098894067310993,High,-0.01668999999999965,0.005012000000000683
Bangladesh,2015,74.25874999999999,129.00714285714284,40.137142857142855,4.160873,4.2744,1.8501254626993164,High,-0.02154000000000078,0.00494099999999964
Bangladesh,2017,50.25111111111111,126.70444444444443,32.16,4.110611,4.283989,1.562534549474848,High,-0.05026200000000003,0.00958900000000007
Belgium,2010,16.721818181818183,26.09878048780488,25.02320754716981,4.101865,5.205143,0.6682523873207239,Medium,,
Belgium,2013,14.81,23.496086956521737,23.98033898305085,4.110062,5.20626,0.6175892680444431,Medium,0.00819700000000001,0.0011170000000007008
Belgium,2014,12.1753125,20.555833333333336,21.754666666666665,4.110472,5.207286,0.5596644015077226,Medium,0.00040999999999957737,0.0010259999999995273
Belgium,2015,12.627708333333333,20.524375,21.017868852459014,4.110452,5.208646,0.6008082180918137,Medium,-1.9999999999242846e-05,0.0013600000000000279
Belgium,2016,12.4475,19.793541666666663,21.65576271186441,4.109551,5.210451,0.5747892681323326,Medium,-0.0009010000000007068,0.0018050000000000566
Belgium,2017,12.10891304347826,19.56127659574468,21.63293103448276,4.109186,5.212645,0.5597444481368118,Medium,-0.0003649999999995046,0.0021940000000002513
Bosnia and Herzegovina,2010,64.77,49.61,25.79,2.353722,3.399698,2.51143854207057,High,,
Bosnia and Herzegovina,2016,43.20333333333334,42.86000000000001,18.385714285714283,2.319066,3.402155,2.3498316498316507,High,-0.03465600000000002,0.0024570000000001535
Bosnia and Herzegovina,2017,48.9875,40.00714285714286,23.255,2.31961,3.402636,2.106536228768007,High,0.0005440000000001,0.00048100000000017573
Brazil,2010,16.776666666666667,35.28666666666667,24.54642857142857,3.497159,6.391711,0.6834667054658325,Medium,,
Brazil,2011,15.646,36.951034482758615,24.561714285714285,3.449547,6.377567,0.6370076541888654,Medium,-0.04761199999999999,-0.014143999999999934
Brazil,2012,15.307999999999998,35.69578125,25.07428571428571,3.408068,6.350157,0.6105059252506837,Medium,-0.04147899999999982,-0.027409999999999712
Brazil,2013,14.16,35.051803278688524,23.110243902439024,3.371926,6.3111,0.6127152988855117,Medium,-0.036141999999999896,-0.039057000000000563
Brazil,2014,15.958823529411765,34.316567164179105,22.005641025641022,3.342011,6.261913,0.7252151169246335,Medium,-0.029915000000000358,-0.04918699999999987
Brazil,2015,13.257692307692308,31.77053571428572,21.569714285714287,3.319423,6.204158,0.6146438535105184,Medium,-0.02258799999999983,-0.05775500000000022
Brazil,2016,15.6,31.21969696969697,22.977083333333336,3.304643,6.139401,0.6789373469942876,Medium,-0.014780000000000015,-0.06475699999999929
Bulgaria,2010,23.8475,44.917142857142856,21.511764705882356,2.551664,3.589877,1.1085794366967459,Medium,,
Bulgaria,2013,19.955714285714286,39.93407407407408,18.21294117647059,2.540351,3.586925,1.095688724427178,Medium,-0.01131300000000035,-0.0029520000000000657
Bulgaria,2014,21.735714285714288,41.48518518518518,18.599285714285717,2.539345,3.587034,1.168631667882791,Medium,-0.0010059999999998404,0.00010900000000013677
Bulgaria,2015,23.966,37.89333333333333,18.27625,2.539862,3.587231,1.3113193352027905,Medium,0.0005169999999998787,0.00019700000000000273
Bulgaria,2016,19.228,35.322,20.17,2.53995,3.587363,0.9532969757064947,Medium,8.800000000031005e-05,0.00013199999999979894
Bulgaria,2017,19.56571428571429,33.94724137931035,18.365882352941178,2.543141,3.587521,1.0653293922783387,Medium,0.003190999999999722,0.00015800000000032455
Canada,2015,6.889133333333333,13.1776,11.560185185185183,3.949642,5.170797,0.5959362434921907,Low,,
Canada,2016,5.857341772151899,12.0732,10.903893129770992,3.967491,5.174359,0.5371789417267443,Low,0.017849000000000004,0.003561999999999621
Canada,2017,6.78319018404908,15.0915,11.219626865671644,3.988792,5.178218,0.6045825110996698,Low,0.021301000000000236,0.003859000000000279
Chile,2010,25.83818181818182,63.805,21.29636363636364,4.019166,6.273744,1.2132673098266882,Medium,,
Chile,2011,26.223636363636363,69.335,21.66,4.019435,6.274701,1.2106941996138672,Medium,0.0002689999999994086,0.0009570000000005408
Chile,2013,30.403684210526315,62.01333333333333,1.01,4.024264,6.275241,30.10265763418447,Medium,0.004828999999999972,0.0005399999999999849
Chile,2014,26.340625,52.635,5.5200000000000005,4.02991,6.274801,4.771852355072463,Medium,0.005646000000000484,-0.000440000000000218
Chile,2015,25.609736842105264,54.38351351351351,7.003333333333333,4.036576,6.274265,3.656792504822265,Medium,0.006666000000000061,-0.000536000000000314
Chile,2016,25.91081081081081,50.64117647058824,10.122,4.046124,6.273138,2.5598509000998626,Medium,0.009547999999999668,-0.001126999999999434
China,2013,75.35,152.0,52.0,3.38155,3.10498,1.4490384615384615,High,,
China,2014,52.3424882629108,126.0,42.56037735849056,3.367462,3.087059,1.2298407935161026,High,-0.014087999999999656,-0.017920999999999854
China,2015,49.48566972477064,102.77777777777776,35.650485436893206,3.351279,3.068531,1.388078426375647,High,-0.01618300000000028,-0.018527999999999878
China,2016,45.62125454545454,85.35583333333334,34.18408,3.332592,3.049823,1.3345760525207797,High,-0.018686999999999898,-0.01870800000000017
Colombia,2010,32.33,50.833333333333336,32.443333333333335,2.228705,2.528589,0.9965067296825233,Medium,,
Colombia,2011,22.5,40.71111111111111,26.55,2.219333,2.523272,0.847457627118644,Medium,-0.00937200000000038,-0.005317000000000238
Colombia,2012,24.83333333333333,44.94,23.0,2.210586,2.518935,1.079710144927536,Medium,-0.008746999999999616,-0.004337000000000035
Colombia,2013,22.35,41.238,24.3,2.204213,2.515703,0.9197530864197531,Medium,-0.006372999999999962,-0.0032320000000001237
Colombia,2014,20.882857142857144,41.227222222222224,25.97,2.198192,2.513603,0.8041146377688543,Medium,-0.006021000000000054,-0.0020999999999999908
Colombia,2015,27.3375,46.405,26.275,2.194632,2.512714,1.0404376784015223,Medium,-0.0035600000000002296,-0.0008889999999999176
Colombia,2016,16.655,41.36,13.1,2.194091,2.513075,1.2713740458015268,Medium,-0.0005410000000001247,0.00036100000000027777
Croatia,2013,23.005,31.18,20.2425,2.782145,3.455337,1.1364702976411016,Medium,,
Croatia,2014,20.036666666666665,26.632857142857144,18.67,2.78089,3.453567,1.073201214068916,Medium,-0.0012550000000000061,-0.0017700000000000493
Croatia,2015,15.60625,24.855454545454545,19.794285714285717,2.778406,3.451754,0.7884219832563509,Medium,-0.0024839999999999307,-0.0018129999999998425
Croatia,2016,17.274444444444445,25.402,18.61777777777778,2.778055,3.449816,0.9278467414657436,Medium,-0.00035099999999976816,-0.0019379999999999953
Croatia,2017,15.549,23.02,19.727777777777774,2.779842,3.447606,0.7881779780343566,Medium,0.001786999999999761,-0.0022100000000002673
Cyprus,2010,20.048,45.26666666666667,18.31,3.27735,5.305848,1.0949208083014745,Medium,,
Cyprus,2013,15.957999999999998,36.92,16.465,3.286091,5.305846,0.9692074096568478,Medium,0.008740999999999666,-2.000000000279556e-06
Cyprus,2014,16.201999999999998,33.656666666666666,16.38,3.293437,5.305683,0.9891330891330891,Medium,0.007346000000000075,-0.00016299999999969117
Cyprus,2015,15.954,34.403333333333336,16.96,3.302054,5.305575,0.940683962264151,Medium,0.008617000000000097,-0.00010799999999999699
Cyprus,2016,11.506666666666668,29.275,16.223333333333333,3.314551,5.305325,0.7092664885966715,Low,0.012496999999999758,-0.00025000000000030553
Cyprus,2017,13.724,26.865,15.033333333333331,3.328111,5.304908,0.9129046563192906,Medium,0.013560000000000016,-0.00041699999999966764
Denmark,2010,15.086666666666666,21.5475,25.33,3.277504,5.317616,0.595604684826951,Medium,,
Denmark,2013,11.0625,21.735,18.13714285714286,3.275889,5.317042,0.6099362003780717,Low,-0.001615000000000144,-0.0005740000000002965
Denmark,2014,13.26,22.186,18.00166666666667,3.277973,5.316366,0.7365984631052679,Medium,0.0020839999999999748,-0.0006759999999994548
Denmark,2015,11.256666666666666,20.655,12.541250000000002,3.281306,5.315579,0.8975713478853117,Low,0.0033330000000000304,-0.0007870000000007593
Denmark,2016,10.29,18.73,12.783333333333337,3.285642,5.314948,0.8049543676662317,Low,0.00433600000000034,-0.0006309999999993821
Denmark,2017,9.406,17.985,11.954444444444444,3.291885,5.314635,0.7868203364624966,Low,0.0062429999999999986,-0.00031300000000022976
Ecuador,2010,19.27,39.865,20.54,2.959062,4.29317,0.9381694255111976,Medium,,
Ecuador,2011,17.82,34.08,18.53,2.960197,4.295131,0.9616837560712358,Medium,0.0011350000000001081,0.0019609999999996575
Ecuador,2012,18.43,36.42666666666667,19.63,2.961697,4.296969,0.9388690779419256,Medium,0.0015000000000000568,0.0018380000000002283
Ecuador,2013,18.45,34.25,21.435,2.965013,4.298674,0.86074177746676,Medium,0.0033159999999998746,0.0017050000000002896
Ecuador,2014,17.32,46.445,22.895,2.967176,4.300375,0.7564970517580258,Medium,0.002162999999999915,0.0017009999999997305
Ecuador,2015,17.27,38.725,22.42,2.970413,4.302069,0.7702943800178411,Medium,0.0032370000000003785,0.0016940000000005284
Ecuador,2016,14.07,40.75,20.74,2.973805,4.303726,0.6783992285438767,Medium,0.0033919999999998396,0.0016569999999997975
Ecuador,2017,14.015,43.375,19.395,2.977117,4.305357,0.7226089198246971,Medium,0.0033119999999997596,0.001630999999999716
Estonia,2010,7.726666666666667,15.77,8.52142857142857,4.013452,2.968607,0.9067337245040515,Low,,
Estonia,2013,6.645714285714286,13.842000000000002,8.643333333333333,3.926684,2.966459,0.7688832571208198,Low,-0.08676800000000018,-0.0021480000000000388
Estonia,2014,7.508571428571429,14.342000000000002,7.215714285714285,3.902099,2.965608,1.0405860225697883,Low,-0.024584999999999635,-0.0008509999999999351
Estonia,2015,6.362,12.335,6.217142857142858,3.880068,2.964644,1.023299632352941,Low,-0.022031000000000134,-0.0009640000000001869
Estonia,2016,5.204285714285715,11.41,6.435714285714285,3.861329,2.963537,0.8086570477247504,Low,-0.01873900000000006,-0.001106999999999747
Estonia,2017,4.55,10.386,5.514285714285714,3.848854,2.962244,0.8251295336787564,Low,-0.012474999999999792,-0.0012929999999999886
Finland,2010,8.529166666666667,14.886400000000002,16.764444444444443,4.981612,3.748035,0.508765243902439,Low,,
Finland,2013,6.407692307692307,13.14346153846154,14.304736842105264,4.916404,3.748436,0.4479419914130536,Low,-0.06520800000000015,0.0004010000000000957
Finland,2014,7.609285714285714,14.601923076923075,14.64714285714286,4.888971,3.749012,0.5195064859065638,Low,-0.027433000000000263,0.000576000000000132
Finland,2015,5.699285714285714,12.48,13.350952380952382,4.857565,3.749912,0.4268823340585654,Low,-0.0314059999999996,0.0009000000000001229
Finland,2016,5.727142857142858,11.933846153846153,13.053,4.825886,3.750722,0.4387606571012685,Low,-0.03167900000000046,0.0008099999999999774
Finland,2017,4.512857142857143,10.542962962962964,12.305,4.792736,3.752062,0.3667498693910722,Low,-0.03315000000000001,0.0013399999999998968
France,2010,17.74651515151515,24.381048689138577,23.06571428571429,4.352983,6.663107,0.76938935996907,Medium,,
France,2014,9.02,27.13,10.526,4.316753,6.643231,0.8569257077712331,Low,-0.03622999999999976,-0.019876000000000005
France,2015,12.745564516129033,20.04169014084507,20.161634615384617,4.299326,6.637445,0.6321692044951231,Medium,-0.017427000000000525,-0.005786000000000513
France,2016,11.573565217391304,18.146554307116105,19.086414473684208,4.278159,6.632055,0.6063771293109347,Low,-0.021167000000000158,-0.00538999999999934
France,2017,10.9672,18.241818181818186,18.812983050847457,4.253807,6.62671,0.5829591176666673,Low,-0.024351999999999485,-0.005345000000000155
Germany,2010,17.34602409638554,22.574647887323945,25.707684210526317,3.927668,6.582874,0.6747408266857038,Medium,,
Germany,2013,14.110733944954127,19.76259067357513,29.82421052631579,3.934021,6.580384,0.4731301749799322,Medium,0.006352999999999831,-0.0024900000000007694
Germany,2014,14.033461538461538,19.45664122137405,25.512264150943395,3.940119,6.57494,0.550067271780839,Medium,0.006098000000000159,-0.005443999999999782
Germany,2015,12.6825,18.31889312977099,25.019686520376176,3.946206,6.566759,0.5069008354549646,Medium,0.0060869999999999536,-0.00818099999999955
Germany,2016,12.198529411764708,17.070346153846153,24.899369085173504,3.949598,6.54799,0.4899131929824039,Medium,0.0033919999999998396,-0.018768999999999814
Germany,2017,12.078344827586209,16.816477272727273,23.598668730650157,3.959866,6.540496,0.5118231441546849,Medium,0.010267999999999944,-0.007494000000000334
Greece,2010,14.86,38.536,25.728571428571428,4.32432,5.803853,0.5775680177679067,Medium,,
Greece,2013,10.02,33.30444444444444,20.2475,4.272856,5.80382,0.4948759106062477,Low,-0.051464000000000176,-3.300000000017178e-05
Greece,2015,18.845,32.367777777777775,24.34058823529412,4.231759,5.798518,0.7742212233258414,Medium,-0.04109699999999972,-0.005302000000000362
Greece,2016,17.05142857142857,32.2,26.63375,4.208264,5.794717,0.6402188415611234,Medium,-0.023495000000000488,-0.003800999999999277
Greece,2017,16.45875,28.73785714285714,28.843846153846155,4.185864,5.790228,0.5706156492519401,Medium,-0.022400000000000198,-0.004489000000000409
Guatemala,2013,40.88,56.125,34.75,3.28505,2.898381,1.176402877697842,High,,
Guatemala,2014,35.17,46.75,41.67,3.265867,2.900451,0.8440124790016799,Medium,-0.01918299999999995,0.0020699999999997942
Hungary,2010,21.6425,29.776315789473685,20.97833333333333,2.767358,3.464218,1.0316596488440455,Medium,,
Hungary,2013,17.023333333333333,26.223157894736843,19.34777777777778,2.752576,3.461858,0.8798598748061792,Medium,-0.014782000000000295,-0.0023599999999999177
Hungary,2014,15.8525,25.30333333333333,18.820625,2.753656,3.460273,0.8422940258360176,Medium,0.0010799999999999699,-0.0015849999999999476
Hungary,2016,10.13,24.03,18.81823529411765,2.758478,3.45659,0.5383076490262886,Low,0.004822000000000326,-0.003683000000000103
Hungary,2017,14.85,27.145294117647055,20.31,2.765242,3.454657,0.7311669128508125,Medium,0.006763999999999992,-0.0019329999999997405
Iceland,2010,7.735,20.95,7.23,3.358979,5.280214,1.06984785615491,Low,,
Iceland,2014,7.640000000000001,6.03,2.985,3.361046,5.294874,2.559463986599665,Low,0.002066999999999819,0.014660000000000117
Iceland,2015,6.43,9.5225,11.4525,3.360755,5.294539,0.5614494651822746,Low,-0.0002909999999998192,-0.00033499999999975216
Iceland,2016,6.695,8.907499999999999,8.215,3.360144,5.29282,0.8149726110772977,Low,-0.0006110000000001392,-0.0017190000000004702
Iceland,2017,5.2,10.2425,7.814444444444444,3.361665,5.290988,0.6654343807763402,Low,0.0015209999999998836,-0.0018320000000002779
India,2016,39.38616438356164,98.44258064516129,22.59691358024692,3.520805,3.298067,1.7429886716029679,High,,
India,2017,39.31032258064516,95.31203389830507,22.6059375,3.529853,3.301939,1.738937948521054,High,0.009047999999999945,0.0038719999999998755
Ireland,2010,11.46,17.084999999999997,17.576666666666668,4.344662,5.818125,0.6520007585814527,Low,,
Ireland,2013,10.876,16.52375,13.262857142857143,4.317934,5.828983,0.8200344679017664,Low,-0.02672799999999942,0.010857999999999812
Ireland,2014,7.57,14.72375,7.186,4.301374,5.831698,1.0534372390759812,Low,-0.01656000000000013,0.002715000000000245
Ireland,2015,7.025999999999999,13.292857142857144,6.658333333333334,4.286581,5.83418,1.0552190237797243,Low,-0.014793000000000056,0.002481999999999651
Ireland,2016,8.866666666666667,13.75,14.577777777777776,4.269448,5.836752,0.6082317073170733,Low,-0.017133000000000287,0.0025719999999997967
Ireland,2017,7.332857142857143,12.31,14.04875,4.250921,5.839092,0.5219579779594016,Low,-0.018526999999999738,0.002340000000000231
Italy,2010,20.088117647058823,27.55427118644068,27.788501362397817,3.455801,5.632361,0.7228931630779192,Medium,,
Italy,2013,18.26977777777778,25.558449612403106,24.80948275862069,3.454904,5.632414,0.7364030099107761,Medium,-0.0008970000000001477,5.2999999999414626e-05
Italy,2014,16.104313725490197,23.50847517730497,22.90990322580645,3.456543,5.631731,0.7029411502423887,Medium,0.001638999999999946,-0.0006829999999995451
Italy,2015,18.68425414364641,26.739369369369367,23.551280653950958,3.458618,5.630367,0.793343445657251,Medium,0.002075000000000049,-0.001364000000000587
Italy,2016,16.37331550802139,23.637455621301772,21.959666666666667,3.459977,5.628456,0.7456085630331997,Medium,0.001358999999999888,-0.001910999999999774
Italy,2017,17.186587677725118,25.14640668523677,21.84913366336633,3.464256,5.626121,0.7866027066574847,Medium,0.004278999999999922,-0.002334999999999532
Kuwait,2015,63.93333333333334,138.23181818181817,56.026363636363634,3.598983,4.933717,1.1411294466349717,High,,
Kuwait,2016,35.09166666666667,116.42923076923076,55.67428571428572,3.616657,4.951041,0.6303029525471278,Medium,0.017673999999999968,0.01732400000000034
Kuwait,2017,65.986,147.10500000000002,36.47,3.635679,4.967279,1.8093227310117908,High,0.019022000000000094,0.01623800000000042
Latvia,2010,21.49,26.0725,34.62,3.503259,2.943551,0.6207394569612941,Medium,,
Latvia,2013,14.1,21.551666666666662,17.582,3.493617,2.943858,0.8019565464679785,Medium,-0.009641999999999928,0.00030700000000027927
Latvia,2014,16.716,24.836,16.704,3.493358,2.943887,1.0007183908045978,Medium,-0.0002589999999997872,2.9000000000056758e-05
Latvia,2015,16.195,21.222,15.712,3.493756,2.944219,1.03074083503055,Medium,0.0003979999999996764,0.0003319999999997769
Latvia,2016,13.797999999999998,19.234,13.074000000000002,3.49462,2.944511,1.0553770842894292,Medium,0.0008639999999999759,0.00029199999999995896
Latvia,2017,12.712,18.138,12.11,3.499571,2.94495,1.0497109826589595,Medium,0.00495100000000015,0.0004390000000000782
Lebanon,2014,27.0,41.75,59.0,3.751703,6.070856,0.4576271186440678,Medium,,
Lebanon,2015,15.0,43.0,47.0,3.728943,6.073276,0.3191489361702128,Medium,-0.02275999999999989,0.0024199999999998667
Lithuania,2010,15.856666666666667,28.16111111111111,14.183333333333334,4.21008,2.922035,1.117978848413631,Medium,,
Lithuania,2013,15.086000000000002,28.814,14.753333333333334,4.176505,2.926594,1.0225485765928606,Medium,-0.03357499999999991,0.00455899999999998
Lithuania,2014,14.29,26.693125,13.906666666666666,4.168826,2.928742,1.0275647171620326,Medium,-0.007678999999999547,0.0021480000000000388
Lithuania,2015,12.48,23.0525,13.650666666666666,4.158024,2.931244,0.9142410627075601,Medium,-0.010801999999999978,0.002501999999999782
Lithuania,2016,11.041666666666666,21.219375,14.313999999999998,4.150702,2.93414,0.7713893158213405,Low,-0.007322000000000273,0.0028960000000002317
Lithuania,2017,11.74,19.968888888888888,14.001,4.143254,2.937224,0.838511534890365,Low,-0.007448000000000121,0.0030839999999998646
Luxembourg,2010,14.073333333333332,19.126666666666665,23.734,3.634747,5.325033,0.5929608718856211,Medium,,
Luxembourg,2013,15.933333333333332,19.245,25.8275,3.618721,5.318464,0.6169134965960055,Medium,-0.016026000000000096,-0.006569000000000713
Luxembourg,2014,11.736666666666666,18.3175,20.12333333333333,3.616397,5.317404,0.5832367069736625,Low,-0.0023239999999997707,-0.0010599999999998388
Luxembourg,2015,11.583333333333334,19.4625,21.956666666666667,3.615115,5.316953,0.5275542735691514,Low,-0.0012820000000002274,-0.0004509999999999792
Luxembourg,2016,11.103333333333332,19.17,18.96,3.616485,5.316325,0.5856188466947959,Low,0.0013700000000000934,-0.0006279999999998509
Luxembourg,2017,9.84,18.4225,18.006,3.617719,5.316516,0.546484505164945,Low,0.0012340000000001794,0.00019100000000005224
Malta,2010,14.983333333333333,36.78333333333333,18.935,3.328033,5.318442,0.791303582431124,Medium,,
Malta,2013,13.21,30.203333333333333,17.555,3.333244,5.317038,0.7524921674736543,Medium,0.005211000000000077,-0.0014039999999999608
Malta,2014,12.12,29.44,8.615,3.339847,5.316904,1.4068485200232153,Medium,0.0066029999999996924,-0.0001340000000000785
Malta,2015,13.3125,29.80666666666667,17.476666666666667,3.347923,5.317005,0.7617299256151059,Medium,0.008076000000000416,0.00010099999999990672
Malta,2016,11.8725,33.17,17.802500000000002,3.359126,5.31739,0.6669007161915461,Low,0.01120299999999963,0.00038499999999963563
Malta,2017,11.64,26.935,18.32333333333333,3.374137,5.317984,0.6352555939603421,Low,0.01501100000000033,0.0005940000000004275
Mexico,2010,22.677142857142854,53.06583333333333,29.197142857142858,2.76109,3.1741,0.7766904785204031,Medium,,
Mexico,2011,26.82,57.78636363636363,26.89444444444445,2.759083,3.17583,0.9972319768642841,Medium,-0.00200699999999987,0.0017299999999997873
Mexico,2012,23.88272727272727,51.56470588235294,26.451818181818183,2.75936,3.177622,0.9028765852149705,Medium,0.00027700000000008274,0.0017920000000000158
Mexico,2013,25.502727272727277,52.003,24.36357142857143,2.761886,3.179422,1.04675652120608,Medium,0.0025260000000000282,0.0018000000000002458
Mexico,2014,23.052727272727275,45.08055555555556,24.44,2.766085,3.181159,0.9432376134503795,Medium,0.004198999999999842,0.0017369999999998775
Mexico,2015,24.638125,43.770833333333336,23.83692307692308,2.772136,3.182934,1.033611801342455,Medium,0.006051000000000251,0.00177499999999986
Mexico,2016,22.24714285714285,43.96416666666667,23.5925,2.779875,3.184675,0.9429752191222994,Medium,0.00773899999999994,0.0017409999999999926
Mongolia,2011,132.0,232.0,49.0,3.576211,2.519978,2.693877551020408,High,,
Mongolia,2012,106.0,253.0,50.0,3.573164,2.525246,2.12,High,-0.003047000000000022,0.00526800000000005
Mongolia,2013,72.06,194.6,57.0,3.56871,2.53239,1.2642105263157895,High,-0.004453999999999958,0.007143999999999817
Mongolia,2014,64.21,186.5,39.0,3.560252,2.54142,1.6464102564102563,High,-0.008457999999999632,0.009030000000000094
Mongolia,2015,75.0,141.0,37.0,3.550133,2.551804,2.027027027027027,High,-0.010118999999999989,0.010384000000000171
Netherlands,2010,16.920526315789473,25.34029411764706,25.18342857142857,4.036617,6.52252,0.6718912902505407,Medium,,
Netherlands,2013,14.3271875,21.87839285714286,23.470769230769232,4.030876,6.546468,0.6104268402595701,Medium,-0.005740999999999552,0.02394799999999986
Netherlands,2014,13.5278125,20.947222222222223,23.088979591836736,4.031669,6.561376,0.5858991059432894,Medium,0.0007929999999998216,0.014908000000000143
Netherlands,2015,12.5436,19.17222222222222,21.693653846153843,4.028566,6.578979,0.5782151816819879,Medium,-0.0031030000000003,0.017603000000000257
Netherlands,2016,10.841612903225805,18.031960784313725,22.398000000000003,4.028952,6.598856,0.4840437942327799,Low,0.0003860000000006636,0.019876999999999256
Netherlands,2017,11.092058823529412,18.80549019607843,21.72352941176471,4.026854,6.620242,0.5106011372867587,Low,-0.0020980000000001553,0.02138600000000057
New Zealand,2014,10.025,16.978484848484847,12.3825,3.967374,8.539198,0.8096103371693923,Low,,
New Zealand,2015,7.800909090909091,16.261764705882353,9.753333333333332,3.967735,8.539694,0.799819797427453,Low,0.0003609999999998337,0.000496000000000052
New Zealand,2016,8.94357142857143,15.948484848484847,9.47,3.967684,8.539988,0.9444109217076483,Low,-5.099999999957916e-05,0.00029399999999846216
New Zealand,2017,11.382222222222222,18.90153846153846,22.51,3.971265,8.539931,0.505651809072511,Low,0.0035809999999996123,-5.699999999997374e-05
Norway,2010,10.55,20.74230769230769,30.13153846153846,3.585173,7.61844,0.35013147481555235,Low,,
Norway,2013,8.92125,20.698,30.37181818181818,3.619685,7.6066,0.29373447274686465,Low,0.034511999999999876,-0.011839999999999407
Norway,2014,7.22,16.76611111111111,21.05235294117647,3.646711,7.60143,0.34295453910419404,Low,0.027025999999999772,-0.005170000000000563
Norway,2015,6.521875,15.535,21.5405,3.681866,7.596146,0.3027726840138344,Low,0.03515500000000005,-0.005283999999999622
Norway,2016,6.5295000000000005,14.564,21.10818181818182,3.723569,7.590933,0.3093350273482924,Low,0.041703000000000046,-0.005213000000000356
Norway,2017,6.038333333333333,13.15,19.135185185185183,3.77191,7.585503,0.31556179231588116,Low,0.04834100000000019,-0.005429999999999602
Peru,2010,30.57,68.22333333333333,19.1425,2.263609,4.256687,1.5969700927256107,Medium,,
Peru,2011,36.0625,58.84,12.775,2.262397,4.257831,2.822896281800391,High,-0.001212000000000213,0.0011440000000000339
Peru,2012,30.37,60.75333333333333,14.5975,2.261685,4.258912,2.080493235143004,Medium,-0.0007120000000000459,0.0010809999999992215
Peru,2013,34.52166666666667,65.3409090909091,19.64,2.26368,4.259953,1.7577223353699933,Medium,0.001994999999999969,0.0010410000000007358
Peru,2014,32.928333333333335,72.49384615384616,17.455714285714286,2.264655,4.260583,1.8863927762773822,Medium,0.0009749999999999481,0.0006299999999992423
Peru,2015,27.425,74.98615384615385,16.503,2.267037,4.260744,1.6618190632006302,Medium,0.0023820000000003283,0.0001610000000002998
Peru,2016,27.5,79.36999999999999,29.692857142857143,2.269521,4.26044,0.926148664902574,Medium,0.0024839999999999307,-0.00030399999999985994
Peru,2017,23.398,65.87666666666667,26.875,2.276321,4.259925,0.8706232558139535,Medium,0.006799999999999695,-0.0005150000000000432
Poland,2010,29.421463414634147,37.05213235294118,17.919270833333332,2.28315,3.461724,1.641889543848207,Medium,,
Poland,2013,24.48269841269841,32.988957055214726,16.83212962962963,2.2738,3.462549,1.4545217361920426,Medium,-0.00934999999999997,0.0008250000000002977
Poland,2014,24.815303030303028,34.51909677419355,16.70656862745098,2.268372,3.462358,1.4853620503212361,Medium,-0.0054280000000002104,-0.00019100000000005224
Poland,2015,23.29514285714286,32.82601226993865,16.503333333333334,2.263833,3.461991,1.4115416798915084,Medium,-0.004538999999999849,-0.00036700000000022825
Poland,2016,22.398028169014083,31.040853658536584,16.367064220183487,2.257029,3.461527,1.3684817183886497,Medium,-0.00680399999999981,-0.00046400000000001995
Poland,2017,22.8744,31.740173410404623,16.223963963963964,2.250472,3.461075,1.409914374243417,Medium,-0.006557000000000368,-0.0004519999999996749
Portugal,2010,8.046,24.16744186046512,21.375652173913043,4.774924,5.371129,0.3764095679765682,Low,,
Portugal,2013,6.382857142857143,20.347727272727276,14.8725,4.675021,5.375392,0.42917176956511294,Low,-0.0999030000000003,0.004262999999999906
Portugal,2014,7.62,18.33242424242424,12.986,4.622827,5.377254,0.5867857692900046,Low,-0.052194000000000074,0.0018620000000000303
Portugal,2015,9.849285714285717,20.24897435897436,15.911081081081084,4.561403,5.37913,0.6190205218674244,Low,-0.0614239999999997,0.0018760000000002108
Portugal,2016,7.197692307692307,17.984473684210524,14.715714285714284,4.494714,5.380981,0.48911606789482726,Low,-0.06668900000000022,0.001851000000000269
Portugal,2017,9.309166666666666,20.278,18.275172413793104,4.421461,5.383261,0.5093887190711599,Low,-0.07325300000000023,0.0022799999999998377
Qatar,2017,44.0,148.0,29.0,3.482327,4.336059,1.5172413793103448,High,,
Romania,2010,15.781578947368422,25.577894736842108,21.23,2.331447,3.235208,0.7433621736866897,Medium,,
Romania,2013,16.054,24.576666666666668,20.75354838709677,2.335909,3.233888,0.7735544640636658,Medium,0.004462000000000188,-0.00132000000000021
Romania,2014,14.504285714285714,22.85275,17.030625,2.340368,3.232604,0.8516590386016787,Medium,0.004458999999999769,-0.0012840000000000629
Romania,2015,16.768333333333334,24.475405405405407,16.298846153846153,2.343899,3.230996,1.0288049334937979,Medium,0.003531000000000173,-0.0016079999999996097
Romania,2016,16.232499999999998,22.267096774193547,18.616666666666667,2.350485,3.229223,0.8719337511190688,Medium,0.006585999999999981,-0.0017730000000000246
Romania,2017,19.14333333333333,24.52824561403509,18.98445945945946,2.359174,3.227186,1.0083686277301254,Medium,0.008688999999999947,-0.0020370000000000665
Senegal,2013,30.0,130.0,36.16,3.298502,2.891473,0.8296460176991152,Medium,,
Senegal,2014,25.0,125.0,34.19,3.314314,2.892787,0.7312079555425564,Medium,0.015811999999999937,0.0013140000000002594
Senegal,2015,33.0,145.0,19.6,3.329605,2.894516,1.683673469387755,Medium,0.015290999999999944,0.0017289999999996475
Senegal,2016,29.42,132.86,20.33,3.34987,2.89667,1.4471224790949337,Medium,0.0202650000000002,0.0021539999999999893
Senegal,2017,19.86,143.31,22.1,3.370497,2.899331,0.8986425339366515,Medium,0.02062699999999973,0.0026610000000002465
Serbia,2016,22.67,30.136666666666667,20.242,2.574493,3.405636,1.1199486216777,Medium,,
Singapore,2014,18.0,30.0,24.0,3.421481,3.72849,0.75,Medium,,
Slovakia,2010,21.6535,33.88423076923077,28.843,2.42896,3.451354,0.7507367472176958,Medium,,
Slovakia,2014,19.21333333333333,26.857222222222223,18.735714285714288,2.408812,3.449012,1.0254924386834412,Medium,-0.020147999999999833,-0.002341999999999622
Slovakia,2015,18.6575,27.49714285714285,26.593333333333334,2.406614,3.447717,0.7015856104286788,Medium,-0.0021980000000003663,-0.0012950000000002682
Slovakia,2016,14.9125,22.46666666666667,19.11647058823529,2.403851,3.446144,0.7800864668594991,Medium,-0.002762999999999849,-0.0015730000000000466
Slovakia,2017,19.038888888888888,26.538888888888888,19.979,2.401999,3.444251,0.9529450367330141,Medium,-0.0018519999999999648,-0.0018929999999999225
Slovenia,2010,18.69666666666667,28.53090909090909,22.098750000000003,2.960118,3.459694,0.8460508701472557,Medium,,
Slovenia,2013,17.143333333333334,24.950714285714287,21.023333333333333,2.906482,3.455844,0.8154431583954337,Medium,-0.05363600000000002,-0.003849999999999909
Slovenia,2014,15.066666666666665,22.395,19.014444444444443,2.891008,3.454426,0.7923800619412142,Medium,-0.01547400000000021,-0.0014179999999996973
Slovenia,2015,17.643333333333334,25.925714285714285,20.752222222222223,2.879148,3.45308,0.8501900733522515,Medium,-0.011859999999999982,-0.0013460000000002914
Slovenia,2016,17.383333333333333,23.70785714285714,19.354444444444443,2.86876,3.451553,0.8981571846833918,Medium,-0.010387999999999842,-0.001526999999999834
Slovenia,2017,16.53,24.61357142857143,22.384444444444444,2.863278,3.449773,0.7384592474932989,Medium,-0.005481999999999765,-0.0017800000000001148
South Africa,2010,34.697500000000005,42.53833333333333,38.86,3.69995,3.995125,0.8928847143592384,Medium,,
South Africa,2011,47.825,39.592,21.346666666666664,3.699571,3.99337,2.240396627108058,High,-0.00037899999999968514,-0.001754999999999729
South Africa,2012,27.28857142857143,53.39,22.98,3.700294,3.99189,1.1874922292676862,Medium,0.0007229999999998071,-0.0014799999999999258
South Africa,2013,24.225,41.248000000000005,30.05875,3.703193,3.990827,0.80592173659916,Medium,0.002899000000000207,-0.0010630000000002582
South Africa,2014,21.80333333333333,41.491,25.60666666666667,3.70879,3.990247,0.8514709711012756,Medium,0.005596999999999852,-0.0005799999999998029
South Africa,2015,19.3625,35.33111111111111,23.5,3.717595,3.990262,0.823936170212766,Medium,0.008805000000000174,1.4999999999876223e-05
South Africa,2016,22.85375,44.23090909090909,29.66111111111111,3.729763,3.991029,0.770495411125679,Medium,0.012167999999999957,0.0007670000000001842
South Africa,2017,15.886,31.282,20.183333333333334,3.745871,3.99283,0.787085053674649,Medium,0.01610800000000001,0.0018009999999999415
Spain,2010,9.866119402985074,21.75533039647577,18.09382838283829,3.454534,5.271059,0.5452753941417358,Low,,
Spain,2013,8.446447368421053,18.33470873786408,15.800357142857145,3.480882,5.275748,0.5345731930014905,Low,0.026347999999999594,0.004688999999999943
Spain,2014,8.469135802469136,18.734103773584906,15.480899653979238,3.49155,5.277069,0.5470700018582069,Low,0.010668000000000344,0.0013209999999999056
Spain,2015,9.496781609195402,20.3142523364486,16.832926829268292,3.506859,5.278341,0.5641788683286408,Low,0.015308999999999795,0.0012720000000001619
Spain,2016,8.35840909090909,18.64212962962963,15.606470588235291,3.522661,5.279232,0.5355733087537392,Low,0.01580199999999987,0.0008910000000001972
Spain,2017,9.550217391304349,20.3150462962963,16.50164948453608,3.538359,5.280279,0.5787431977787425,Low,0.01569799999999999,0.001046999999999798
Sweden,2010,7.445555555555556,17.247307692307693,20.39055555555556,4.554698,5.307457,0.36514726316649854,Low,,
Sweden,2013,6.3775,17.93375,17.69962962962963,4.533727,5.301412,0.36031827407980915,Low,-0.020971000000000295,-0.0060450000000003
Sweden,2014,8.085,17.503461538461536,15.652941176470586,4.524133,5.299064,0.5165163472378806,Low,-0.00959399999999988,-0.0023479999999995727
Sweden,2015,6.3853333333333335,15.10206896551724,14.02742857142857,4.513444,5.297058,0.45520341100429096,Low,-0.01068900000000017,-0.0020060000000006184
Sweden,2016,5.863684210526316,13.97809523809524,14.76288888888889,4.50042,5.295184,0.39719083809806,Low,-0.013023999999999702,-0.0018739999999999313
Sweden,2017,5.022,13.711666666666666,14.239583333333334,4.487911,5.293837,0.35267885881492317,Low,-0.01250899999999966,-0.001346999999999987
Switzerland,2011,14.577777777777776,20.764814814814816,25.14820224719101,3.769659,5.353578,0.5796747471046793,Medium,,
Switzerland,2012,12.733333333333333,17.846913580246913,24.236704545454543,3.755501,5.353,0.5253739554176063,Medium,-0.01415799999999967,-0.0005779999999999674
Switzerland,2013,14.046153846153846,18.128773584905662,24.569375,3.743814,5.35321,0.5716935756873688,Medium,-0.011687000000000225,0.00021000000000004349
Switzerland,2014,8.977777777777778,14.95888888888889,23.23872093023256,3.731711,5.354199,0.3863283958153687,Low,-0.012103000000000197,0.0009890000000005728
Switzerland,2015,11.447333333333336,16.563469387755102,23.96019230769231,3.721917,5.355516,0.4777646684270653,Low,-0.009793999999999858,0.0013169999999993465
Switzerland,2016,10.22375,14.366458333333334,22.4299,3.714226,5.357419,0.45580898711095463,Low,-0.007690999999999892,0.0019030000000004321
Switzerland,2017,11.481851851851852,14.603365384615383,22.491904761904763,3.70806,5.359393,0.510488194459147,Low,-0.006165999999999894,0.0019739999999996982
Thailand,2015,27.87,39.845,19.47,3.085864,3.324273,1.4314329738058553,Medium,,
Trinidad and Tobago,2016,11.9,25.2,13.3,3.33339,4.629343,0.8947368421052632,Low,,
Trinidad and Tobago,2017,14.7,26.575000000000003,8.0,3.329938,4.629351,1.8375,Medium,-0.0034520000000002327,7.999999999341867e-06
Turkey,2016,23.010625,51.20863636363636,32.3675,3.721385,3.911946,0.7109175870858114,Medium,,
Turkey,2017,25.145,50.28619565217391,30.5114,3.718658,3.9134,0.8241181984438604,Medium,-0.002727000000000146,0.0014540000000002884
United Arab Emirates,2017,32.79,116.5225,44.042,2.877426,4.263912,0.7445165977930157,Medium,,
United Kingdom,2010,12.457954545454545,18.40081081081081,28.320138888888888,4.126807,4.668295,0.4398973675352381,Medium,,
United Kingdom,2013,12.167962962962964,17.77,24.03494252873563,4.125825,4.662206,0.506261371268736,Medium,-0.0009820000000004825,-0.006088999999999345
United Kingdom,2014,11.78078431372549,16.56477272727273,23.699634146341467,4.125316,4.659356,0.497087180375065,Low,-0.0005090000000000927,-0.0028500000000004633
United Kingdom,2015,9.73206896551724,15.437446808510638,22.853736263736263,4.124435,4.656279,0.425841484001014,Low,-0.0008809999999996876,-0.0030770000000002184
United Kingdom,2016,9.798867924528302,16.059302325581395,25.041685393258422,4.122485,4.653107,0.3913022534484159,Low,-0.0019499999999998963,-0.0031719999999992865
United Kingdom,2017,9.063207547169812,14.619347826086956,22.74113402061856,4.119524,4.649861,0.39853806494225535,Low,-0.0029609999999999914,-0.0032460000000007483
